Reaction,N,C,SubS,Solvent,H-X-CNu,AverageL2,exp-ee,iminium,solvent,catalyst,nucleophile,
365,-0.429,0.262,0.244,3.021,180,2.58,-0.31,iminium-150-E,toluene,1-naphthyl,hydrogen cyanide,
144,-0.442,0.250,0.242,3.021,180,2.58,0,iminium-149-E,toluene,"3,5-(Ph)2C6H3",hydrogen cyanide,
359,-0.436,0.472,-0.482,3,180,4.71,-0.14,iminium-57-E,benzene,"2,4,6-i PrC6H15","Diethyl 1,4-dihydro-2,6-dimethyl-3,5-pyridinedicarboxylate",
371,-0.429,0.262,0.244,3.752,180,2.58,-0.29,iminium-150-E,DCM,9-Phenanthryl,hydrogen cyanide,
372,-0.442,0.462,-0.688,3.021,180,2.58,-0.59,iminium-153-E,toluene,9-Phenanthryl,hydrogen cyanide,
375,-0.440,0.460,-0.688,3.021,180,2.58,-0.8,iminium-156-E,toluene,9-Phenanthryl,hydrogen cyanide,
377,-0.443,0.456,-0.687,3.021,180,2.58,-0.84,iminium-158-E,toluene,9-Phenanthryl,hydrogen cyanide,
223,-0.430,0.457,-0.682,3.752,180,2.58,-0.5,iminium-22-E,DCM,Ph,"Diethyl 1,4-dihydro-2,6-dimethyl-3,5-pyridinedicarboxylate",
224,-0.430,0.457,-0.682,3.752,180,2.58,-0.56,iminium-22-E,DCM,2-naphthyl,"Diethyl 1,4-dihydro-2,6-dimethyl-3,5-pyridinedicarboxylate",
354,-0.435,0.463,-0.478,3,180,4.71,-0.67,iminium-52-E,benzene,"2,4,6-i PrC6H10","Diethyl 1,4-dihydro-2,6-dimethyl-3,5-pyridinedicarboxylate",
227,-0.430,0.457,-0.682,3.752,180,3.61,-0.92,iminium-22-E,DCM,"2,6-MeC6H3","Diethyl 1,4-dihydro-2,6-dimethyl-3,5-pyridinedicarboxylate",
327,-0.433,0.476,-0.483,3,114,4.71,-1.68,iminium-45-E,benzene,"2,4,6-i PrC6H2","2-(4-methoxyphenyl)-2,3-dihydro-1,3-benzothiazole",
230,-0.419,0.447,-0.682,3.021,180,4.71,-1.34,iminium-23-E,toluene,"2,4,6-i PrC6H2","Diethyl 1,4-dihydro-2,6-dimethyl-3,5-pyridinedicarboxylate",
231,-0.438,0.457,-0.689,3.021,180,4.71,-1.49,iminium-24-E,toluene,"2,4,6-i PrC6H2","Diethyl 1,4-dihydro-2,6-dimethyl-3,5-pyridinedicarboxylate",
325,-0.433,0.476,-0.483,3,114,4.71,-1.74,iminium-45-E,benzene,"2,4,6-i PrC6H2","2-phenyl-2,3-dihydro-1,3-benzothiazole",
233,-0.415,0.446,-0.682,3.021,180,4.71,-1.34,iminium-26-E,toluene,"2,4,6-i PrC6H2","Diethyl 1,4-dihydro-2,6-dimethyl-3,5-pyridinedicarboxylate",
239,-0.436,0.504,-0.699,3.021,180,4.71,-1.8,iminium-32-E,toluene,"2,4,6-i PrC6H2","Diethyl 1,4-dihydro-2,6-dimethyl-3,5-pyridinedicarboxylate",
149,-0.442,0.25,0.242,2.514,180,2.58,0,iminium-149-E,CH3CN,9-Phenanthryl,hydrogen cyanide,
241,-0.438,0.457,-0.689,3.752,180,2.58,-0.53,iminium-24-E,DCM,9-Phenanthryl,"Diethyl 1,4-dihydro-2,6-dimethyl-3,5-pyridinedicarboxylate",
243,-0.438,0.457,-0.689,3.752,180,2.58,-0.56,iminium-24-E,DCM,2-naphthyl,"Diethyl 1,4-dihydro-2,6-dimethyl-3,5-pyridinedicarboxylate",
244,-0.438,0.457,-0.689,3.752,180,2.58,-0.69,iminium-24-E,DCM,4-PhC6H4,"Diethyl 1,4-dihydro-2,6-dimethyl-3,5-pyridinedicarboxylate",
246,-0.438,0.457,-0.689,2.514,180,2.58,-0.19,iminium-24-E,MeCN,"3,5-(CF3)C6H3","Diethyl 1,4-dihydro-2,6-dimethyl-3,5-pyridinedicarboxylate",
248,-0.438,0.457,-0.689,5.817,180,2.58,-0.73,iminium-24-E,CHCl3,"3,5-(CF3)C6H3","Diethyl 1,4-dihydro-2,6-dimethyl-3,5-pyridinedicarboxylate",
254,-0.433,0.469,-0.685,3,180,2.58,-1.15,iminium-39-E,benzene,"3,5-(CF3)C6H3","Diethyl 1,4-dihydro-2,6-dimethyl-3,5-pyridinedicarboxylate",
255,-0.430,0.457,-0.682,3,180,2.58,-1.26,iminium-22-E,benzene,"3,5-(CF3)C6H3","Diethyl 1,4-dihydro-2,6-dimethyl-3,5-pyridinedicarboxylate",
256,-0.441,0.471,-0.684,3,180,2.58,-1.2,iminium-40-E,benzene,"3,5-(CF3)C6H3","Diethyl 1,4-dihydro-2,6-dimethyl-3,5-pyridinedicarboxylate",
258,-0.433,0.466,-0.692,3,180,2.58,-1.38,iminium-29-E,benzene,"3,5-(CF3)C6H3","Diethyl 1,4-dihydro-2,6-dimethyl-3,5-pyridinedicarboxylate",
253,-0.420,0.451,-0.683,3,180,2.58,-1.2,iminium-38-E,benzene,"3,5-(CF3)C6H3","Diethyl 1,4-dihydro-2,6-dimethyl-3,5-pyridinedicarboxylate",
263,-0.416,0.478,-0.690,3,180,2.58,-1.53,iminium-44-E,benzene,"3,5-(CF3)C6H3","Diethyl 1,4-dihydro-2,6-dimethyl-3,5-pyridinedicarboxylate",
267,-0.430,0.457,-0.682,3,180,2.58,-1.09,iminium-22-E,benzene,"3,5-CF3C6H3","Diethyl 1,4-dihydro-2,6-dimethyl-3,5-pyridinedicarboxylate",
268,-0.386,0.324,0.953,3.021,114,2.58,-1.86,iminium-13-E,toluene,"3,5-(CF3)2C6H3","2-phenyl-2,3-dihydro-1,3-benzothiazole",
236,-0.433,0.466,-0.692,3.021,180,4.71,-2.03,iminium-29-E,toluene,"2,4,6-i PrC6H2","Diethyl 1,4-dihydro-2,6-dimethyl-3,5-pyridinedicarboxylate",
271,-0.386,0.324,0.953,3.021,114,2.58,-2.42,iminium-13-E,toluene,"3,5-(CF3)2C6H3","2-(4-nitrophenyl)-2,3-dihydro-1,3-benzothiazole",
279,-0.415,0.322,0.954,3.752,114,2.58,-2.86,iminium-19-E,DCM,"3,5-(CF3)2C6H3","2-(4-nitrophenyl)-2,3-dihydro-1,3-benzothiazole",
275,-0.388,0.316,0.953,3.752,114,2.58,-2.6,iminium-15-E,DCM,"3,5-(CF3)2C6H3","2-(4-nitrophenyl)-2,3-dihydro-1,3-benzothiazole",
276,-0.376,0.315,0.953,3.752,114,2.58,-2.6,iminium-16-E,DCM,"3,5-(CF3)2C6H3","2-(4-nitrophenyl)-2,3-dihydro-1,3-benzothiazole",
277,-0.395,0.324,0.953,3.752,114,2.58,-2.6,iminium-17-E,DCM,"3,5-(CF3)2C6H3","2-(4-nitrophenyl)-2,3-dihydro-1,3-benzothiazole",
259,-0.435,0.466,-0.683,3,180,2.58,-1.38,iminium-31-E,benzene,"3,5-(CF3)C6H3","Diethyl 1,4-dihydro-2,6-dimethyl-3,5-pyridinedicarboxylate",
283,-0.430,0.457,-0.682,3.021,114,2.58,-1.25,iminium-22-E,toluene,4-NO2C6H4,"2-phenyl-2,3-dihydro-1,3-benzothiazole",
284,-0.430,0.457,-0.682,3.021,114,9.12,-0.93,iminium-22-E,toluene,9-Anthryl,"2-phenyl-2,3-dihydro-1,3-benzothiazole",
285,-0.430,0.457,-0.682,3.021,114,2.58,-1.57,iminium-22-E,toluene,"3,5-CF3C6H4","2-phenyl-2,3-dihydro-1,3-benzothiazole",
287,-0.430,0.457,-0.682,3.021,114,4.71,-2.04,iminium-22-E,toluene,"2,4,6-i PrC6H2","2-phenyl-2,3-dihydro-1,3-benzothiazole",
289,-0.430,0.457,-0.682,3.021,114,4.71,-1.89,iminium-22-E,toluene,"2,4,6-i PrC6H2","2-(4-methoxyphenyl)-2,3-dihydro-1,3-benzothiazole",
286,-0.430,0.457,-0.682,3.021,114,3.61,-1.57,iminium-22-E,toluene,"2,4,6-MeC6H2","2-phenyl-2,3-dihydro-1,3-benzothiazole",
292,-0.430,0.457,-0.682,3.021,113,4.71,-1.77,iminium-22-E,toluene,"2,4,6-i PrC6H2","2-(1-naphthyl)-2,3-dihydro-1,3-benzothiazole",
294,-0.430,0.457,-0.682,3.166,114,4.71,-2.95,iminium-22-E,mesitylene,"2,4,6-i PrC6H2","2-(2-naphthyl)-2,3-dihydro-1,3-benzothiazole",
302,-0.414,0.448,-0.683,3.166,114,4.71,-2.69,iminium-35-E,mesitylene,"2,4,6-i PrC6H2","2-(2-naphthyl)-2,3-dihydro-1,3-benzothiazole",
295,-0.438,0.457,-0.689,3.166,114,4.71,-2.95,iminium-24-E,mesitylene,"2,4,6-i PrC6H2","2-(2-naphthyl)-2,3-dihydro-1,3-benzothiazole",
297,-0.432,0.453,-0.681,3.166,114,4.71,-2.95,iminium-34-E,mesitylene,"2,4,6-i PrC6H2","2-(2-naphthyl)-2,3-dihydro-1,3-benzothiazole",
298,-0.437,0.456,-0.681,3.166,114,4.71,-2.95,iminium-27-E,mesitylene,"2,4,6-i PrC6H2","2-(2-naphthyl)-2,3-dihydro-1,3-benzothiazole",
305,-0.441,0.470,-0.684,3.166,114,4.71,-2.69,iminium-36-E,mesitylene,"2,4,6-i PrC6H2","2-(2-naphthyl)-2,3-dihydro-1,3-benzothiazole",
306,-0.426,0.487,-0.697,3,114,2.58,-0.6,iminium-1-E,benzene,Ph,"2-phenyl-2,3-dihydro-1,3-benzothiazole",
307,-0.426,0.487,-0.697,3,114,2.58,-0.63,iminium-1-E,benzene,4-NO2C6H4,"2-phenyl-2,3-dihydro-1,3-benzothiazole",
311,-0.426,0.487,-0.697,3,114,4.71,-2.44,iminium-1-E,benzene,"2,4,6-i PrC6H2","2-phenyl-2,3-dihydro-1,3-benzothiazole",
313,-0.447,0.477,-0.690,3,114,4.71,-2.13,iminium-2-E,benzene,"2,4,6-i PrC6H2","2-phenyl-2,3-dihydro-1,3-benzothiazole",
318,-0.446,0.475,-0.691,3,114,4.71,-2.44,iminium-7-E,benzene,"2,4,6-i PrC6H2","2-phenyl-2,3-dihydro-1,3-benzothiazole",
320,-0.458,0.491,-0.693,3,114,4.71,-2.27,iminium-9-E,benzene,"2,4,6-i PrC6H2","2-phenyl-2,3-dihydro-1,3-benzothiazole",
319,-0.457,0.492,-0.693,3,114,4.71,-2.44,iminium-8-E,benzene,"2,4,6-i PrC6H2","2-phenyl-2,3-dihydro-1,3-benzothiazole",
323,-0.438,0.505,-0.489,3,114,4.71,-0.97,iminium-12-E,benzene,"2,4,6-i PrC6H2","2-phenyl-2,3-dihydro-1,3-benzothiazole",
333,-0.446,0.489,-0.485,3,114,4.71,-1.74,iminium-47-E,benzene,"2,4,6-i PrC6H2","2-(2-naphthyl)-2,3-dihydro-1,3-benzothiazole",
326,-0.433,0.476,-0.483,3,114,4.71,-2.72,iminium-45-E,benzene,"2,4,6-i PrC6H2","2-(2-naphthyl)-2,3-dihydro-1,3-benzothiazole",
328,-0.433,0.476,-0.483,3,114,4.71,-1.03,iminium-45-E,benzene,"2,4,6-i PrC6H2","2-(4-hydroxyphenyl)-2,3-dihydro-1,3-benzothiazole",
330,-0.433,0.476,-0.483,3,114,4.71,-1.45,iminium-45-E,benzene,"2,4,6-i PrC6H2","2-(4-(trifluoromethyl)phenyl)-2,3-dihydro-1,3-benzothiazole",
347,-0.433,0.476,-0.483,3,180,4.71,-0.7,iminium-45-E,benzene,"2,4,6-i PrC6H3","Diethyl 1,4-dihydro-2,6-dimethyl-3,5-pyridinedicarboxylate",
332,-0.445,0.490,-0.485,3,114,4.71,-2.17,iminium-46-E,benzene,"2,4,6-i PrC6H2","2-(2-naphthyl)-2,3-dihydro-1,3-benzothiazole",
334,-0.440,0.476,-0.482,3,114,4.71,-2.06,iminium-48-E,benzene,"2,4,6-i PrC6H2","2-(2-naphthyl)-2,3-dihydro-1,3-benzothiazole",
339,-0.427,0.473,-0.481,3,114,4.71,-2.3,iminium-53-E,benzene,"2,4,6-i PrC6H2","2-(2-naphthyl)-2,3-dihydro-1,3-benzothiazole",
338,-0.435,0.463,-0.478,3,114,4.71,-1.63,iminium-52-E,benzene,"2,4,6-i PrC6H2","2-(2-naphthyl)-2,3-dihydro-1,3-benzothiazole",
335,-0.451,0.468,-0.481,3,114,4.71,-2.06,iminium-49-E,benzene,"2,4,6-i PrC6H2","2-(2-naphthyl)-2,3-dihydro-1,3-benzothiazole",
345,-0.419,0.466,-0.481,3,114,4.71,-1.96,iminium-59-E,benzene,"2,4,6-i PrC6H2","2-(2-naphthyl)-2,3-dihydro-1,3-benzothiazole",
252,-0.450,0.467,-0.690,3,180,2.58,-1.1,iminium-37-E,benzene,"3,5-(CF3)C6H3","Diethyl 1,4-dihydro-2,6-dimethyl-3,5-pyridinedicarboxylate",
351,-0.451,0.468,-0.481,3,180,4.71,-0.42,iminium-49-E,benzene,"2,4,6-i PrC6H7","Diethyl 1,4-dihydro-2,6-dimethyl-3,5-pyridinedicarboxylate",
352,-0.441,0.471,-0.481,3,180,4.71,-0.38,iminium-50-E,benzene,"2,4,6-i PrC6H8","Diethyl 1,4-dihydro-2,6-dimethyl-3,5-pyridinedicarboxylate",
21,-0.533,0.306,0.255,2.583,180,9.12,0.37,iminium-87-E,ether,9-anthryl,PhSH,
356,-0.434,0.471,-0.482,3,180,4.71,-0.17,iminium-54-E,benzene,"2,4,6-i PrC6H12","Diethyl 1,4-dihydro-2,6-dimethyl-3,5-pyridinedicarboxylate",
360,-0.425,0.472,-0.472,3,180,4.71,-0.01,iminium-58-E,benzene,"2,4,6-i PrC6H16","Diethyl 1,4-dihydro-2,6-dimethyl-3,5-pyridinedicarboxylate",
141,-0.442,0.250,0.242,3.021,180,2.58,1.13,iminium-149-E,toluene,1-Naphthyl,hydrogen cyanide,
142,-0.442,0.250,0.242,3.021,180,2.58,0.31,iminium-149-E,toluene,2-Napthyl,hydrogen cyanide,
143,-0.442,0.250,0.242,3.021,180,2.58,0.37,iminium-149-E,toluene,"3,5-(CF3)2C6H3",hydrogen cyanide,
145,-0.442,0.250,0.242,3.021,180,2.58,1.54,iminium-149-E,toluene,9-Phenanthryl,hydrogen cyanide,
140,-0.442,0.250,0.242,3.021,180,2.58,0.64,iminium-149-E,toluene,4-PhC6H4,hydrogen cyanide,
150,-0.442,0.25,0.242,2.297,180,2.58,0,iminium-149-E,THF,9-Phenanthryl,hydrogen cyanide,
77,-0.530,0.304,0.256,3.021,180,4.71,1.94,iminium-103-E,toluene,"2,4,6-i PrC6H2",dimethyl (diazomethyl)phosphonate,
35,-0.533,0.306,0.255,3.021,180,4.71,1.61,iminium-87-E,toluene,"2,4,6-i PrC6H2",PhSH,
156,-0.433,0.256,0.243,3.021,180,2.58,1.16,iminium-143-E,toluene,9-Phenanthryl,hydrogen cyanide,
107,-0.529,0.306,0.257,3.021,180,4.71,1.47,iminium-163-E,toluene,"2,4,6-i PrC6H2",di-tert-butyl (diazomethyl)phosphonate,
159,-0.425,0.194,0.261,3.021,180,2.58,1.32,iminium-146-E,toluene,9-Phenanthryl,hydrogen cyanide,
163,-0.429,0.262,0.244,3.021,180,2.58,1.23,iminium-150-E,toluene,9-Phenanthryl,hydrogen cyanide,
165,-0.423,0.259,0.247,3.021,180,2.58,1.2,iminium-152-E,toluene,9-Phenanthryl,hydrogen cyanide,
202,-0.422,0.289,0.754,3.021,180,9.12,1.88,iminium-122-E,toluene,9-Anthryl,"Diethyl 1,4-dihydro-2,6-dimethyl-3,5-pyridinedicarboxylate",
7,-0.533,0.306,0.255,3.401,180,9.12,1.96,iminium-87-E,ethyl acetate,9-anthryl,BnOH,
204,-0.422,0.289,0.754,3.021,180,9.12,1.88,iminium-122-E,toluene,9-Anthryl,"Di-t-butyl 2,6-dimethyl-1,4-dihydropyridine-3,5-dicarboxylate",
3,-0.533,0.306,0.255,3.401,180,9.12,1.63,iminium-87-E,ethyl acetate,9-anthryl,iPrOH,
15,-0.541,0.296,0.254,3.401,180,9.12,1.81,iminium-92-E,ethyl acetate,9-anthryl,MeOH,
176,-0.533,0.303,0.253,3.715,180,2.58,1.45,iminium-73-E,iPrOAc,9-Phenanthryl,tert-Butyl hydroperoxide,
186,-0.552,0.275,0.252,3.715,180,2.58,1.74,iminium-83-E,iPrOAc,9-Phenanthryl,tert-Butyl hydroperoxide,
20,-0.515,0.363,0.249,3.401,180,9.12,0.92,iminium-96-E,ethyl acetate,9-anthryl,MeOH,
22,-0.533,0.306,0.255,2.583,180,2.58,0.54,iminium-87-E,ether,"3,5-(CF3)2C6H3",PhSH,
23,-0.533,0.306,0.255,2.583,180,3.61,0.45,iminium-87-E,ether,"2,4,6-MeC6H2",PhSH,
8,-0.533,0.306,0.255,3.401,180,9.12,1.81,iminium-87-E,ethyl acetate,9-anthryl,CH2CHCH2CH2CH2CH2OH,
25,-0.533,0.306,0.255,2.297,180,4.71,0.56,iminium-87-E,THF,"2,4,6-i PrC6H2",PhSH,
27,-0.533,0.306,0.255,3.021,180,4.71,3.13,iminium-87-E,toluene,"2,4,6-i PrC6H2",PhSH,
31,-0.533,0.306,0.255,3.021,180,4.71,3.03,iminium-87-E,toluene,"2,4,6-i PrC6H2",PhSH,
34,-0.533,0.306,0.255,3.021,180,4.71,1.8,iminium-87-E,toluene,"2,4,6-i PrC6H2",PhSH,
33,-0.533,0.306,0.255,3.021,180,4.71,2.48,iminium-87-E,toluene,"2,4,6-i PrC6H2",PhSH,
38,-0.536,0.295,0.256,3.021,180,4.71,3.13,iminium-90-E,toluene,"2,4,6-i PrC6H2",PhSH,
10,-0.533,0.306,0.255,3.401,180,9.12,1.96,iminium-87-E,ethyl acetate,9-anthryl,"(3,4-OMeC6H3)CH2CH2OH",
132,-0.533,0.294,0.257,3.752,180,9.12,2.72,iminium-113-E,DCM,9-anthryl,"2-diazo-N-(3,5-dichlorophenyl)acetamide",
181,-0.533,0.295,0.254,3.715,180,2.58,2.72,iminium-78-E,iPrOAc,9-Phenanthryl,tert-Butyl hydroperoxide,
137,-0.530,0.304,0.256,3.752,180,9.12,2.3,iminium-103-E,DCM,9-anthryl,2-diazo-N-(3-methoxyphenyl)acetamide,
39,-0.536,0.295,0.256,3.021,180,4.71,3.13,iminium-88-E,toluene,"2,4,6-i PrC6H2",PhSH,
48,-0.533,0.306,0.255,3.021,180,4.71,0.82,iminium-87-E,toluene,"2,4,6-i PrC6H2","3,5-(CF3)2C6H3",
211,-0.419,0.301,0.766,2.583,180,9.12,2.17,iminium-128-E,diethyl ether,9-Anthryl,"Diethyl 1,4-dihydro-2,6-dimethyl-3,5-pyridinedicarboxylate",
1,-0.533,0.306,0.255,3.401,180,9.12,2.06,iminium-87-E,ethyl acetate,9-anthryl,MeOH,
182,-0.533,0.295,0.254,3.715,180,2.58,2.72,iminium-79-E,iPrOAc,9-Phenanthryl,tert-Butyl hydroperoxide,
55,-0.405,0.243,0.226,3.021,180,2.58,0.28,iminium-61-E,toluene,Ph,diethyl phosphate,
59,-0.405,0.243,0.226,3.135,180,2.58,0.68,iminium-61-E,m-xylene,"3,5-(CF3)2C6H2",diisopropyl phosphate,
60,-0.427,0.240,0.224,3.135,180,2.58,1,iminium-62-E,m-xylene,"3,5-(CF3)2C6H2",diisopropyl phosphate,
16,-0.563,0.266,0.219,3.401,180,9.12,1.41,iminium-93-E,ethyl acetate,9-anthryl,MeOH,
66,-0.420,0.197,0.224,3.135,180,2.58,1.58,iminium-68-E,m-xylene,"3,5-(CF3)2C6H2",diisopropyl phosphate,
6,-0.533,0.306,0.255,3.401,180,9.12,1.33,iminium-87-E,ethyl acetate,9-anthryl,c -C6H11OH,
70,-0.526,0.301,0.255,3.135,180,2.58,1.1,iminium-64-E,m-xylene,"3,5-(CF3)2C6H2",diethyl phosphate,
13,-0.533,0.295,0.254,3.401,180,9.12,1.96,iminium-78-E,ethyl acetate,9-anthryl,MeOH,
40,-0.525,0.308,0.257,3.021,180,4.71,1.96,iminium-91-E,toluene,"2,4,6-i PrC6H2",PhSH,
219,-0.551,0.522,-0.692,3.021,180,9.12,1.71,iminium-134-E,toluene,9-anthryl,"Diethyl 1,4-dihydro-2,6-dimethyl-3,5-pyridinedicarboxylate",
220,-0.572,0.488,-0.679,3.021,180,9.12,2.35,iminium-135-E,toluene,9-anthryl,"Diethyl 1,4-dihydro-2,6-dimethyl-3,5-pyridinedicarboxylate",
221,-0.564,0.501,-0.683,3.021,180,9.12,2.23,iminium-136-E,toluene,9-anthryl,"Diethyl 1,4-dihydro-2,6-dimethyl-3,5-pyridinedicarboxylate",
111,-0.530,0.304,0.256,3.021,180,2.58,0.75,iminium-103-E,toluene,4-ClC6H4,2-diazo-N-(4-methoxyphenyl)acetamide,
63,-0.432,0.196,0.222,3.135,180,2.58,1.53,iminium-65-E,m-xylene,"3,5-(CF3)2C6H2",diisopropyl phosphate,
113,-0.530,0.304,0.256,3.021,180,2.58,1.03,iminium-103-E,toluene,1-Naphthyl,2-diazo-N-(4-methoxyphenyl)acetamide,
119,-0.530,0.304,0.256,2.583,180,9.12,1.49,iminium-103-E,Et2O,9-anthryl,2-diazo-N-(4-methoxyphenyl)acetamide,
12,-0.534,0.296,0.254,3.401,180,9.12,1.63,iminium-77-E,ethyl acetate,9-anthryl,MeOH,
197,-0.422,0.289,0.754,2.583,180,9.12,1.74,iminium-122-E,diethyl ether,9-Anthryl,"Diethyl 1,4-dihydro-2,6-dimethyl-3,5-pyridinedicarboxylate",
124,-0.530,0.304,0.256,3.752,180,9.12,1.68,iminium-103-E,DCM,9-anthryl,2-diazo-N-(4-methoxyphenyl)acetamide,
123,-0.530,0.304,0.256,3.752,180,9.12,1.96,iminium-103-E,DCM,9-anthryl,2-diazo-N-(4-methoxyphenyl)acetamide,
130,-0.533,0.302,0.256,3.752,180,9.12,1.74,iminium-108-E,DCM,9-anthryl,2-diazo-N-(4-methoxyphenyl)acetamide,
67,-0.408,0.212,0.227,3.135,180,2.58,1.63,iminium-69-E,m-xylene,"3,5-(CF3)2C6H2",diisopropyl phosphate,
54,-0.533,0.306,0.255,3.021,180,4.71,2.05,iminium-87-E,toluene,"2,4,6-i PrC6H2",H,
201,-0.422,0.289,0.754,3.021,180,9.12,1.88,iminium-122-E,toluene,9-Anthryl,"Diethyl 1,4-dihydro-2,6-dimethyl-3,5-pyridinedicarboxylate",
52,-0.533,0.306,0.255,3.021,180,4.71,2.06,iminium-87-E,toluene,"2,4,6-i PrC6H2",(CH2)6CH3,
189,-0.533,0.295,0.254,3.715,180,2.58,2.3,iminium-78-E,iPrOAc,9-Phenanthryl,Cumene hydroperoxide,
208,-0.438,0.306,0.768,2.583,180,9.12,2.17,iminium-125-E,diethyl ether,9-Anthryl,"Diethyl 1,4-dihydro-2,6-dimethyl-3,5-pyridinedicarboxylate",
57,-0.405,0.243,0.226,3.021,180,2.58,0.43,iminium-61-E,toluene,4-CF3C6H4,diethyl phosphate,
73,-0.530,0.304,0.256,3.021,180,4.71,1.89,iminium-103-E,toluene,"2,4,6-i PrC6H2",dimethyl (diazomethyl)phosphonate,
218,-0.559,0.511,-0.687,3.021,180,9.12,1.89,iminium-133-E,toluene,9-anthryl,"Diethyl 1,4-dihydro-2,6-dimethyl-3,5-pyridinedicarboxylate",
76,-0.530,0.304,0.256,3.021,180,4.71,2.1,iminium-103-E,toluene,"2,4,6-i PrC6H2",dimethyl (diazomethyl)phosphonate,
78,-0.530,0.304,0.256,3.021,180,4.71,2.13,iminium-103-E,toluene,"2,4,6-i PrC6H2",diethyl (diazomethyl)phosphonate,
80,-0.530,0.304,0.256,3.021,180,4.71,1.94,iminium-103-E,toluene,"2,4,6-i PrC6H2",dibenzyl (diazomethyl)phosphonate,
154,-0.426,0.260,0.244,3.021,180,2.58,2.45,iminium-141-E,toluene,9-Phenanthryl,hydrogen cyanide,
106,-0.542,0.255,0.267,3.021,180,4.71,2.45,iminium-119-E,toluene,"2,4,6-i PrC6H2",di-tert-butyl (diazomethyl)phosphonate,
105,-0.535,0.220,0.273,3.021,180,4.71,2.45,iminium-118-E,toluene,"2,4,6-i PrC6H2",di-tert-butyl (diazomethyl)phosphonate,
104,-0.542,0.285,0.254,3.021,180,4.71,2.45,iminium-117-E,toluene,"2,4,6-i PrC6H2",di-tert-butyl (diazomethyl)phosphonate,
91,-0.530,0.306,0.256,3.021,180,4.71,1.8,iminium-105-E,toluene,"2,4,6-i PrC6H2",di-tert-butyl (diazomethyl)phosphonate,
93,-0.534,0.296,0.257,3.021,180,4.71,1.7,iminium-107-E,toluene,"2,4,6-i PrC6H2",di-tert-butyl (diazomethyl)phosphonate,
103,-0.516,0.308,0.260,3.021,180,4.71,2.45,iminium-116-E,toluene,"2,4,6-i PrC6H2",di-tert-butyl (diazomethyl)phosphonate,
79,-0.530,0.304,0.256,3.021,180,4.71,2.13,iminium-103-E,toluene,"2,4,6-i PrC6H2",diisopropyl (diazomethyl)phosphonate,
102,-0.517,0.307,0.260,3.021,180,4.71,2.45,iminium-115-E,toluene,"2,4,6-i PrC6H2",di-tert-butyl (diazomethyl)phosphonate,
101,-0.510,0.293,0.254,3.021,180,4.71,1.94,iminium-114-E,toluene,"2,4,6-i PrC6H2",di-tert-butyl (diazomethyl)phosphonate,
96,-0.534,0.295,0.257,3.021,180,4.71,2.45,iminium-120-E,toluene,"2,4,6-i PrC6H2",di-tert-butyl (diazomethyl)phosphonate,
95,-0.538,0.295,0.255,3.021,180,4.71,2.45,iminium-109-E,toluene,"2,4,6-i PrC6H2",di-tert-butyl (diazomethyl)phosphonate,
92,-0.551,0.273,0.254,3.021,180,4.71,2.45,iminium-106-E,toluene,"2,4,6-i PrC6H2",di-tert-butyl (diazomethyl)phosphonate,
97,-0.526,0.298,0.270,3.021,180,4.71,2.13,iminium-110-E,toluene,"2,4,6-i PrC6H2",di-tert-butyl (diazomethyl)phosphonate,
139,-0.442,0.250,0.242,3.021,180,2.58,0.25,iminium-149-E,toluene,Ph,hydrogen cyanide,
65,-0.428,0.195,0.221,3.135,180,2.58,1.37,iminium-67-E,m-xylene,"3,5-(CF3)2C6H2",diisopropyl phosphate,
196,-0.422,0.289,0.754,2.583,180,2.58,0.01,iminium-122-E,diethyl ether,2-naphthyl,"Diethyl 1,4-dihydro-2,6-dimethyl-3,5-pyridinedicarboxylate",
120,-0.530,0.304,0.256,3.752,180,9.12,1.58,iminium-103-E,DCM,9-anthryl,2-diazo-N-(4-methoxyphenyl)acetamide,
136,-0.530,0.304,0.256,3.752,180,9.12,1.88,iminium-103-E,DCM,9-anthryl,2-diazo-N-(2-methoxyphenyl)acetamide,
133,-0.530,0.304,0.256,3.752,180,9.12,1.88,iminium-103-E,DCM,9-anthryl,2-diazo-N-phenylacetamide,
205,-0.430,0.305,0.759,2.583,180,9.12,2.17,iminium-123-E,diethyl ether,9-Anthryl,"Diethyl 1,4-dihydro-2,6-dimethyl-3,5-pyridinedicarboxylate",
62,-0.426,0.199,0.222,3.135,180,2.58,1.45,iminium-64-E,m-xylene,"3,5-(CF3)2C6H2",diisopropyl phosphate,
61,-0.391,0.204,0.219,3.135,180,2.58,1.21,iminium-63-E,m-xylene,"3,5-(CF3)2C6H2",diisopropyl phosphate,
171,-0.533,0.306,0.255,3.752,180,2.58,1.27,iminium-87-E,DCM,9-Phenanthryl,tert-Butyl hydroperoxide,
175,-0.526,0.301,0.255,3.715,180,2.58,1.74,iminium-72-E,iPrOAc,9-Phenanthryl,tert-Butyl hydroperoxide,
121,-0.530,0.304,0.256,3.752,180,9.12,1.63,iminium-103-E,DCM,9-anthryl,2-diazo-N-(4-methoxyphenyl)acetamide,
37,-0.537,0.296,0.256,3.021,180,4.71,2.48,iminium-89-E,toluene,"2,4,6-i PrC6H2",PhSH,
179,-0.530,0.304,0.253,3.715,180,2.58,2.3,iminium-76-E,iPrOAc,9-Phenanthryl,tert-Butyl hydroperoxide,
183,-0.550,0.275,0.251,3.715,180,2.58,2.17,iminium-80-E,iPrOAc,9-Phenanthryl,tert-Butyl hydroperoxide,
43,-0.554,0.277,0.254,3.021,180,4.71,2.72,iminium-86-E,toluene,"2,4,6-i PrC6H2",PhSH,
18,-0.552,0.292,0.253,3.401,180,9.12,1.81,iminium-95-E,ethyl acetate,9-anthryl,MeOH,
187,-0.535,0.296,0.255,3.715,180,2.58,1.68,iminium-84-E,iPrOAc,9-Phenanthryl,tert-Butyl hydroperoxide,
125,-0.530,0.304,0.256,3.752,180,9.12,1.96,iminium-103-E,DCM,9-anthryl,2-diazo-N-(4-methoxyphenyl)acetamide,
172,-0.533,0.306,0.255,2.297,180,2.58,0.6,iminium-87-E,THF,9-Phenanthryl,tert-Butyl hydroperoxide,
210,-0.425,0.298,0.767,2.583,180,9.12,2.3,iminium-127-E,diethyl ether,9-Anthryl,"Diethyl 1,4-dihydro-2,6-dimethyl-3,5-pyridinedicarboxylate",
28,-0.530,0.304,0.256,3.021,180,4.71,1.3,iminium-103-E,toluene,"2,4,6-i PrC6H2",PhSH,
363,-0.429,0.262,0.244,3.021,180,2.58,-0.8,iminium-150-E,toluene,9-Phenanthryl,hydrogen cyanide,
240,-0.438,0.457,-0.689,3.752,180,3.61,0,iminium-24-E,DCM,"2,4,6-MeC6H2","Diethyl 1,4-dihydro-2,6-dimethyl-3,5-pyridinedicarboxylate",
366,-0.429,0.262,0.244,3.021,180,2.58,-0.29,iminium-150-E,toluene,2-naphthyl,hydrogen cyanide,
364,-0.429,0.262,0.244,3.021,180,2.58,0,iminium-150-E,toluene,Ph,hydrogen cyanide,
374,-0.444,0.463,-0.688,3.021,180,2.58,-0.59,iminium-155-E,toluene,9-Phenanthryl,hydrogen cyanide,
373,-0.444,0.463,-0.688,3.021,180,2.58,-0.56,iminium-154-E,toluene,9-Phenanthryl,hydrogen cyanide,
376,-0.444,0.463,-0.688,3.021,180,2.58,-0.92,iminium-157-E,toluene,9-Phenanthryl,hydrogen cyanide,
378,-0.447,0.458,-0.686,3.021,180,2.58,-1.02,iminium-159-E,toluene,9-Phenanthryl,hydrogen cyanide,
379,-0.435,0.458,-0.689,3.021,180,2.58,-0.77,iminium-160-E,toluene,9-Phenanthryl,hydrogen cyanide,
380,-0.443,0.456,-0.685,3.021,180,2.58,-0.64,iminium-161-E,toluene,9-Phenanthryl,hydrogen cyanide,
381,-0.452,0.450,-0.683,3.021,180,2.58,-0.59,iminium-162-E,toluene,9-Phenanthryl,hydrogen cyanide,
226,-0.430,0.457,-0.682,3.752,180,2.58,-0.39,iminium-22-E,DCM,"4-(2,4,6-MeC6H2)C6H4","Diethyl 1,4-dihydro-2,6-dimethyl-3,5-pyridinedicarboxylate",
228,-0.430,0.457,-0.682,3.752,180,4.71,-1.33,iminium-22-E,DCM,"2,4,6-i PrC6H2","Diethyl 1,4-dihydro-2,6-dimethyl-3,5-pyridinedicarboxylate",
232,-0.425,0.442,-0.687,3.021,180,4.71,-1.54,iminium-25-E,toluene,"2,4,6-i PrC6H2","Diethyl 1,4-dihydro-2,6-dimethyl-3,5-pyridinedicarboxylate",
237,-0.446,0.440,-0.685,3.021,180,4.71,-1.34,iminium-30-E,toluene,"2,4,6-i PrC6H2","Diethyl 1,4-dihydro-2,6-dimethyl-3,5-pyridinedicarboxylate",
229,-0.430,0.457,-0.682,3.021,180,4.71,-1.68,iminium-22-E,toluene,"2,4,6-i PrC6H2","Diethyl 1,4-dihydro-2,6-dimethyl-3,5-pyridinedicarboxylate",
270,-0.386,0.324,0.953,3.021,114,2.58,-2.03,iminium-13-E,toluene,"3,5-(CF3)2C6H3","2-(4-chlorophenyl)-2,3-dihydro-1,3-benzothiazole",
238,-0.435,0.466,-0.683,3.021,180,4.71,-1.94,iminium-31-E,toluene,"2,4,6-i PrC6H2","Diethyl 1,4-dihydro-2,6-dimethyl-3,5-pyridinedicarboxylate",
242,-0.438,0.457,-0.689,3.752,180,2.58,-0.62,iminium-24-E,DCM,1-naphthyl,"Diethyl 1,4-dihydro-2,6-dimethyl-3,5-pyridinedicarboxylate",
245,-0.438,0.457,-0.689,3.752,180,2.58,-0.96,iminium-24-E,DCM,"3,5-(CF3)C6H3","Diethyl 1,4-dihydro-2,6-dimethyl-3,5-pyridinedicarboxylate",
250,-0.438,0.457,-0.689,3,180,2.58,-1.15,iminium-24-E,benzene,"3,5-(CF3)C6H3","Diethyl 1,4-dihydro-2,6-dimethyl-3,5-pyridinedicarboxylate",
346,-0.434,0.478,-0.484,3,114,4.71,-1.1,iminium-60-E,benzene,"2,4,6-i PrC6H2","2-(2-naphthyl)-2,3-dihydro-1,3-benzothiazole",
261,-0.449,0.448,-0.682,3,180,2.58,-1.2,iminium-42-E,benzene,"3,5-(CF3)C6H3","Diethyl 1,4-dihydro-2,6-dimethyl-3,5-pyridinedicarboxylate",
249,-0.438,0.457,-0.689,3.021,180,2.58,-1.15,iminium-24-E,toluene,"3,5-(CF3)C6H3","Diethyl 1,4-dihydro-2,6-dimethyl-3,5-pyridinedicarboxylate",
257,-0.425,0.442,-0.687,3,180,2.58,-1.62,iminium-25-E,benzene,"3,5-(CF3)C6H3","Diethyl 1,4-dihydro-2,6-dimethyl-3,5-pyridinedicarboxylate",
282,-0.430,0.457,-0.682,3.021,114,2.58,-1.38,iminium-22-E,toluene,Ph,"2-phenyl-2,3-dihydro-1,3-benzothiazole",
260,-0.440,0.458,-0.689,3,180,2.58,-1.26,iminium-41-E,benzene,"3,5-(CF3)C6H3","Diethyl 1,4-dihydro-2,6-dimethyl-3,5-pyridinedicarboxylate",
262,-0.422,0.452,-0.682,3,180,2.58,-1.2,iminium-43-E,benzene,"3,5-(CF3)C6H3","Diethyl 1,4-dihydro-2,6-dimethyl-3,5-pyridinedicarboxylate",
264,-0.430,0.457,-0.682,3,180,2.58,-0.54,iminium-22-E,benzene,2-naphthyl,"Diethyl 1,4-dihydro-2,6-dimethyl-3,5-pyridinedicarboxylate",
265,-0.430,0.457,-0.682,3,180,2.58,-0.68,iminium-22-E,benzene,2-naphthyl,"Diethyl 1,4-dihydro-2,6-dimethyl-3,5-pyridinedicarboxylate",
266,-0.430,0.457,-0.682,3,180,2.58,-0.23,iminium-22-E,benzene,"3,5-NO2C6H3","Diethyl 1,4-dihydro-2,6-dimethyl-3,5-pyridinedicarboxylate",
269,-0.386,0.324,0.953,3.021,114,2.58,-1.76,iminium-13-E,toluene,"3,5-(CF3)2C6H3","2-(4-methoxyphenyl)-2,3-dihydro-1,3-benzothiazole",
272,-0.386,0.324,0.953,3.752,114,2.58,-2.42,iminium-13-E,DCM,"3,5-(CF3)2C6H3","2-(4-nitrophenyl)-2,3-dihydro-1,3-benzothiazole",
278,-0.385,0.324,0.952,3.752,114,2.58,-2.6,iminium-18-E,DCM,"3,5-(CF3)2C6H3","2-(4-nitrophenyl)-2,3-dihydro-1,3-benzothiazole",
280,-0.402,0.318,0.954,3.752,114,2.58,-2.6,iminium-20-E,DCM,"3,5-(CF3)2C6H3","2-(4-nitrophenyl)-2,3-dihydro-1,3-benzothiazole",
274,-0.388,0.317,0.953,3.752,114,2.58,-2.86,iminium-14-E,DCM,"3,5-(CF3)2C6H3","2-(4-nitrophenyl)-2,3-dihydro-1,3-benzothiazole",
281,-0.406,0.278,0.959,3.752,114,2.58,-2.6,iminium-21-E,DCM,"3,5-(CF3)2C6H3","2-(4-nitrophenyl)-2,3-dihydro-1,3-benzothiazole",
290,-0.430,0.457,-0.682,3.021,114,4.71,-1.57,iminium-22-E,toluene,"2,4,6-i PrC6H2","2-(4-nitrophenyl)-2,3-dihydro-1,3-benzothiazole",
296,-0.430,0.451,-0.681,3.166,114,4.71,-2.69,iminium-33-E,mesitylene,"2,4,6-i PrC6H2","2-(2-naphthyl)-2,3-dihydro-1,3-benzothiazole",
293,-0.430,0.457,-0.682,3.021,114,4.71,-2.23,iminium-22-E,toluene,"2,4,6-i PrC6H2","2-propyl-2,3-dihydro-1,3-benzothiazole",
299,-0.449,0.448,-0.682,3.166,114,4.71,-2.95,iminium-42-E,mesitylene,"2,4,6-i PrC6H2","2-(2-naphthyl)-2,3-dihydro-1,3-benzothiazole",
300,-0.450,0.456,-0.689,3.166,114,4.71,-2.95,iminium-28-E,mesitylene,"2,4,6-i PrC6H2","2-(2-naphthyl)-2,3-dihydro-1,3-benzothiazole",
303,-0.438,0.509,-0.697,3.166,114,4.71,-2.95,iminium-10-E,mesitylene,"2,4,6-i PrC6H2","2-(2-naphthyl)-2,3-dihydro-1,3-benzothiazole",
301,-0.415,0.446,-0.682,3.166,114,4.71,-2.35,iminium-26-E,mesitylene,"2,4,6-i PrC6H2","2-(2-naphthyl)-2,3-dihydro-1,3-benzothiazole",
291,-0.430,0.457,-0.682,3.021,114,4.71,-2.69,iminium-22-E,toluene,"2,4,6-i PrC6H2","2-(2-naphthyl)-2,3-dihydro-1,3-benzothiazole",
304,-0.441,0.471,-0.684,3.166,114,4.71,-2.95,iminium-40-E,mesitylene,"2,4,6-i PrC6H2","2-(2-naphthyl)-2,3-dihydro-1,3-benzothiazole",
308,-0.426,0.487,-0.697,3,114,9.12,-0.88,iminium-1-E,benzene,9-Anthryl,"2-phenyl-2,3-dihydro-1,3-benzothiazole",
309,-0.426,0.487,-0.697,3,114,2.58,-1.37,iminium-1-E,benzene,"3,5-CF3C6H4","2-phenyl-2,3-dihydro-1,3-benzothiazole",
310,-0.426,0.487,-0.697,3,114,4.71,-2.48,iminium-1-E,benzene,"2,4,6-i PrC6H2","2-phenyl-2,3-dihydro-1,3-benzothiazole",
315,-0.432,0.486,-0.690,3,114,4.71,-2.13,iminium-4-E,benzene,"2,4,6-i PrC6H2","2-phenyl-2,3-dihydro-1,3-benzothiazole",
314,-0.419,0.420,-0.690,3,114,4.71,-1.78,iminium-3-E,benzene,"2,4,6-i PrC6H2","2-phenyl-2,3-dihydro-1,3-benzothiazole",
316,-0.443,0.502,-0.693,3,114,4.71,-2.02,iminium-5-E,benzene,"2,4,6-i PrC6H2","2-phenyl-2,3-dihydro-1,3-benzothiazole",
317,-0.430,0.485,-0.693,3,114,4.71,-1.51,iminium-6-E,benzene,"2,4,6-i PrC6H2","2-phenyl-2,3-dihydro-1,3-benzothiazole",
321,-0.438,0.509,-0.697,3,114,4.71,-2.44,iminium-10-E,benzene,"2,4,6-i PrC6H2","2-phenyl-2,3-dihydro-1,3-benzothiazole",
322,-0.431,0.510,-0.705,3,114,4.71,-2.44,iminium-11-E,benzene,"2,4,6-i PrC6H2","2-phenyl-2,3-dihydro-1,3-benzothiazole",
324,-0.433,0.476,-0.483,3,114,4.71,-1.49,iminium-45-E,benzene,"2,4,6-i PrC6H2","2-phenyl-2,3-dihydro-1,3-benzothiazole",
234,-0.437,0.456,-0.681,3.021,180,4.71,-1.68,iminium-27-E,toluene,"2,4,6-i PrC6H2","Diethyl 1,4-dihydro-2,6-dimethyl-3,5-pyridinedicarboxylate",
329,-0.433,0.476,-0.483,3,114,4.71,-1.07,iminium-45-E,benzene,"2,4,6-i PrC6H2","2-(4-nitrophenyl)-2,3-dihydro-1,3-benzothiazole",
235,-0.450,0.456,-0.689,3.021,180,4.71,1.74,iminium-28-E,toluene,"2,4,6-i PrC6H2","Diethyl 1,4-dihydro-2,6-dimethyl-3,5-pyridinedicarboxylate",
340,-0.434,0.471,-0.482,3,114,4.71,-2.06,iminium-54-E,benzene,"2,4,6-i PrC6H2","2-(2-naphthyl)-2,3-dihydro-1,3-benzothiazole",
337,-0.441,0.435,-0.474,3,114,4.71,-1.81,iminium-51-E,benzene,"2,4,6-i PrC6H2","2-(2-naphthyl)-2,3-dihydro-1,3-benzothiazole",
336,-0.441,0.471,-0.481,3,114,4.71,-2.3,iminium-50-E,benzene,"2,4,6-i PrC6H2","2-(2-naphthyl)-2,3-dihydro-1,3-benzothiazole",
343,-0.436,0.472,-0.482,3,114,4.71,-2.06,iminium-57-E,benzene,"2,4,6-i PrC6H2","2-(2-naphthyl)-2,3-dihydro-1,3-benzothiazole",
341,-0.434,0.471,-0.482,3,114,4.71,-1.88,iminium-55-E,benzene,"2,4,6-i PrC6H2","2-(2-naphthyl)-2,3-dihydro-1,3-benzothiazole",
342,-0.429,0.468,-0.481,3,114,4.71,-1.41,iminium-56-E,benzene,"2,4,6-i PrC6H2","2-(2-naphthyl)-2,3-dihydro-1,3-benzothiazole",
344,-0.425,0.472,-0.472,3,114,4.71,-2.06,iminium-58-E,benzene,"2,4,6-i PrC6H2","2-(2-naphthyl)-2,3-dihydro-1,3-benzothiazole",
348,-0.445,0.490,-0.485,3,180,4.71,-0.7,iminium-46-E,benzene,"2,4,6-i PrC6H4","Diethyl 1,4-dihydro-2,6-dimethyl-3,5-pyridinedicarboxylate",
349,-0.446,0.489,-0.485,3,180,4.71,-0.72,iminium-47-E,benzene,"2,4,6-i PrC6H5","Diethyl 1,4-dihydro-2,6-dimethyl-3,5-pyridinedicarboxylate",
350,-0.440,0.476,-0.482,3,180,4.71,-0.42,iminium-48-E,benzene,"2,4,6-i PrC6H6","Diethyl 1,4-dihydro-2,6-dimethyl-3,5-pyridinedicarboxylate",
225,-0.430,0.457,-0.682,3.752,180,2.58,-0.67,iminium-22-E,DCM,4-PhC6H4,"Diethyl 1,4-dihydro-2,6-dimethyl-3,5-pyridinedicarboxylate",
355,-0.427,0.473,-0.481,3,180,4.71,-0.52,iminium-53-E,benzene,"2,4,6-i PrC6H11","Diethyl 1,4-dihydro-2,6-dimethyl-3,5-pyridinedicarboxylate",
357,-0.434,0.471,-0.482,3,180,4.71,-0.09,iminium-55-E,benzene,"2,4,6-i PrC6H13","Diethyl 1,4-dihydro-2,6-dimethyl-3,5-pyridinedicarboxylate",
56,-0.405,0.243,0.226,3.021,180,2.58,0.28,iminium-61-E,toluene,4-NO2C6H4,diethyl phosphate,
370,-0.429,0.262,0.244,5.817,180,2.58,-0.14,iminium-150-E,CHCl3,9-Phenanthryl,hydrogen cyanide,
361,-0.419,0.466,-0.481,3,180,4.71,-0.01,iminium-59-E,benzene,"2,4,6-i PrC6H17","Diethyl 1,4-dihydro-2,6-dimethyl-3,5-pyridinedicarboxylate",
362,-0.434,0.478,-0.484,3,180,4.71,-0.32,iminium-60-E,benzene,"2,4,6-i PrC6H18","Diethyl 1,4-dihydro-2,6-dimethyl-3,5-pyridinedicarboxylate",
193,-0.422,0.289,0.754,2.583,180,2.58,0.25,iminium-122-E,diethyl ether,"3,5-(CF3)2-C6H3","Diethyl 1,4-dihydro-2,6-dimethyl-3,5-pyridinedicarboxylate",
147,-0.442,0.25,0.242,5.817,180,2.58,0.64,iminium-149-E,CHCl3,9-Phenanthryl,hydrogen cyanide,
367,-0.429,0.262,0.244,3.021,180,2.58,0,iminium-150-E,toluene,"3,5-(CF3)C6H3",hydrogen cyanide,
148,-0.442,0.25,0.242,3.752,180,2.58,0.44,iminium-149-E,DCM,9-Phenanthryl,hydrogen cyanide,
368,-0.429,0.262,0.244,3.021,180,2.58,0,iminium-150-E,toluene,4-PhC6H4,hydrogen cyanide,
152,-0.411,0.265,0.249,3.021,180,2.58,1.8,iminium-139-E,toluene,9-Phenanthryl,hydrogen cyanide,
99,-0.526,0.298,0.270,3.021,180,4.71,2.13,iminium-112-E,toluene,"2,4,6-i PrC6H2",di-tert-butyl (diazomethyl)phosphonate,
81,-0.530,0.304,0.256,3.021,180,4.71,2.45,iminium-103-E,toluene,"2,4,6-i PrC6H2",di-tert-butyl (diazomethyl)phosphonate,
157,-0.427,0.255,0.249,3.021,180,2.58,1.54,iminium-144-E,toluene,9-Phenanthryl,hydrogen cyanide,
108,-0.552,0.273,0.254,3.021,180,4.71,1.7,iminium-164-E,toluene,"2,4,6-i PrC6H2",di-tert-butyl (diazomethyl)phosphonate,
161,-0.420,0.264,0.246,3.021,180,2.58,1.32,iminium-148-E,toluene,9-Phenanthryl,hydrogen cyanide,
164,-0.424,0.260,0.246,3.021,180,2.58,1.16,iminium-151-E,toluene,9-Phenanthryl,hydrogen cyanide,
126,-0.534,0.295,0.257,3.752,180,9.12,2.06,iminium-120-E,DCM,9-anthryl,2-diazo-N-(4-methoxyphenyl)acetamide,
129,-0.533,0.294,0.257,3.752,180,9.12,1.74,iminium-113-E,DCM,9-anthryl,2-diazo-N-(4-methoxyphenyl)acetamide,
128,-0.538,0.295,0.255,3.752,180,9.12,1.63,iminium-109-E,DCM,9-anthryl,2-diazo-N-(4-methoxyphenyl)acetamide,
49,-0.533,0.306,0.255,3.021,180,4.71,1.88,iminium-87-E,toluene,"2,4,6-i PrC6H2",c -C6H11,
69,-0.434,0.191,0.220,3.135,180,2.58,1.33,iminium-71-E,m-xylene,"3,5-(CF3)2C6H2",diisopropyl phosphate,
190,-0.534,0.296,0.254,3.715,180,2.58,1.96,iminium-77-E,iPrOAc,9-Phenanthryl,Cumene hydroperoxide,
24,-0.533,0.306,0.255,2.583,180,4.71,1.81,iminium-87-E,ether,"2,4,6-i PrC6H2",PhSH,
180,-0.534,0.296,0.254,3.715,180,2.58,2.17,iminium-77-E,iPrOAc,9-Phenanthryl,tert-Butyl hydroperoxide,
216,-0.562,0.510,-0.686,3.021,180,9.12,1.96,iminium-131-E,toluene,9-anthryl,"Diethyl 1,4-dihydro-2,6-dimethyl-3,5-pyridinedicarboxylate",
203,-0.423,0.291,0.750,3.021,180,9.12,1.68,iminium-121-E,toluene,9-Anthryl,"Di-t-butyl 2,6-dimethyl-1,4-dihydropyridine-3,5-dicarboxylate",
64,-0.426,0.196,0.222,3.135,180,2.58,1.41,iminium-66-E,m-xylene,"3,5-(CF3)2C6H2",diisopropyl phosphate,
184,-0.544,0.284,0.252,3.715,180,2.58,1.81,iminium-81-E,iPrOAc,9-Phenanthryl,tert-Butyl hydroperoxide,
353,-0.441,0.435,-0.474,3,180,4.71,0.37,iminium-51-E,benzene,"2,4,6-i PrC6H9","Diethyl 1,4-dihydro-2,6-dimethyl-3,5-pyridinedicarboxylate",
30,-0.533,0.306,0.255,3.021,180,4.71,3.27,iminium-87-E,toluene,"2,4,6-i PrC6H2",PhSH,
31,-0.533,0.306,0.255,3.021,180,4.71,3.03,iminium-87-E,toluene,"2,4,6-i PrC6H2",PhSH,
42,-0.553,0.274,0.253,3.021,180,4.71,2.48,iminium-93-E,toluene,"2,4,6-i PrC6H2",PhSH,
155,-0.460,0.232,0.239,3.021,180,2.58,1.61,iminium-142-E,toluene,9-Phenanthryl,hydrogen cyanide,
46,-0.533,0.306,0.255,3.021,180,4.71,3.13,iminium-87-E,toluene,"2,4,6-i PrC6H2",4-ClC6H4,
188,-0.539,0.297,0.253,3.715,180,2.58,2.48,iminium-85-E,iPrOAc,9-Phenanthryl,tert-Butyl hydroperoxide,
191,-0.539,0.297,0.253,3.715,180,2.58,2.72,iminium-85-E,iPrOAc,9-Phenanthryl,Cumene hydroperoxide,
127,-0.530,0.306,0.256,3.752,180,9.12,2.3,iminium-105-E,DCM,9-anthryl,2-diazo-N-(4-methoxyphenyl)acetamide,
11,-0.533,0.295,0.254,3.401,180,9.12,1.88,iminium-79-E,ethyl acetate,9-anthryl,MeOH,
138,-0.530,0.304,0.256,3.752,180,9.12,2.17,iminium-103-E,DCM,9-anthryl,"2-diazo-N-(3,5-dichlorophenyl)acetamide",
53,-0.533,0.306,0.255,3.021,180,4.71,2.72,iminium-87-E,toluene,"2,4,6-i PrC6H2",2-ClC6H4CH2,
358,-0.429,0.468,-0.481,3,180,4.71,-0.28,iminium-56-E,benzene,"2,4,6-i PrC6H14","Diethyl 1,4-dihydro-2,6-dimethyl-3,5-pyridinedicarboxylate",
71,-0.530,0.304,0.256,3.021,180,2.58,0.43,iminium-103-E,toluene,Ph,dimethyl (diazomethyl)phosphonate,
58,-0.405,0.243,0.226,3.021,180,2.58,0.54,iminium-61-E,toluene,"3,5-(CF3)2C6H2",diethyl phosphate,
169,-0.533,0.306,0.255,3.401,180,2.58,1.21,iminium-87-E,ethyl acetate,9-Phenanthryl,tert-Butyl hydroperoxide,
167,-0.533,0.306,0.255,3.401,180,9.12,1.45,iminium-87-E,ethyl acetate,9-Anthryl,tert-Butyl hydroperoxide,
117,-0.530,0.304,0.256,3.752,180,9.12,1.53,iminium-103-E,DCM,9-anthryl,2-diazo-N-(4-methoxyphenyl)acetamide,
195,-0.422,0.289,0.754,2.583,180,2.58,1.37,iminium-122-E,diethyl ether,1-napthyl,"Diethyl 1,4-dihydro-2,6-dimethyl-3,5-pyridinedicarboxylate",
131,-0.542,0.285,0.254,3.752,180,9.12,1.63,iminium-117-E,DCM,9-anthryl,2-diazo-N-(4-methoxyphenyl)acetamide,
122,-0.530,0.304,0.256,3.752,180,9.12,1.74,iminium-103-E,DCM,9-anthryl,2-diazo-N-(4-methoxyphenyl)acetamide,
209,-0.432,0.307,0.768,2.583,180,9.12,1.96,iminium-126-E,diethyl ether,9-Anthryl,"Diethyl 1,4-dihydro-2,6-dimethyl-3,5-pyridinedicarboxylate",
214,-0.556,0.518,-0.690,3.021,180,9.12,1.96,iminium-130-E,toluene,9-anthryl,"Diethyl 1,4-dihydro-2,6-dimethyl-3,5-pyridinedicarboxylate",
217,-0.559,0.510,-0.687,3.021,180,9.12,2.04,iminium-132-E,toluene,9-anthryl,"Diethyl 1,4-dihydro-2,6-dimethyl-3,5-pyridinedicarboxylate",
74,-0.530,0.304,0.256,3.021,180,4.71,1.89,iminium-103-E,toluene,"2,4,6-i PrC6H2",dimethyl (diazomethyl)phosphonate,
222,-0.556,0.522,-0.690,3.021,180,9.12,1.22,iminium-137-E,toluene,9-anthryl,"Diethyl 1,4-dihydro-2,6-dimethyl-3,5-pyridinedicarboxylate",
110,-0.530,0.304,0.256,3.021,180,2.58,0.57,iminium-103-E,toluene,Ph,2-diazo-N-(4-methoxyphenyl)acetamide,
112,-0.530,0.304,0.256,3.021,180,2.58,0.92,iminium-103-E,toluene,4-NO2C6H4,2-diazo-N-(4-methoxyphenyl)acetamide,
118,-0.530,0.304,0.256,5.817,180,9.12,1.03,iminium-103-E,CHCl3,9-anthryl,2-diazo-N-(4-methoxyphenyl)acetamide,
114,-0.530,0.304,0.256,3.021,180,2.58,1.24,iminium-103-E,toluene,9-Phenanthryl,2-diazo-N-(4-methoxyphenyl)acetamide,
115,-0.530,0.304,0.256,3.021,180,9.12,1.3,iminium-103-E,toluene,9-Anthryl,2-diazo-N-(4-methoxyphenyl)acetamide,
199,-0.422,0.289,0.754,2.583,180,4.71,1.58,iminium-122-E,diethyl ether,"2,4,6-i PrC6H2","Diethyl 1,4-dihydro-2,6-dimethyl-3,5-pyridinedicarboxylate",
213,-0.556,0.518,-0.690,3.021,180,9.12,1.96,iminium-130-E,toluene,9-anthryl,"Diethyl 1,4-dihydro-2,6-dimethyl-3,5-pyridinedicarboxylate",
134,-0.530,0.304,0.256,3.752,180,9.12,2.06,iminium-103-E,DCM,9-anthryl,N-(2-chlorophenyl)-2-diazoacetamide,
135,-0.530,0.304,0.256,3.752,180,9.12,1.63,iminium-103-E,DCM,9-anthryl,N-(4-chlorophenyl)-2-diazoacetamide,
68,-0.414,0.202,0.225,3.135,180,2.58,1.74,iminium-70-E,m-xylene,"3,5-(CF3)2C6H2",diisopropyl phosphate,
177,-0.531,0.305,0.254,3.715,180,2.58,1.63,iminium-74-E,iPrOAc,9-Phenanthryl,tert-Butyl hydroperoxide,
5,-0.533,0.306,0.255,3.401,180,9.12,1.88,iminium-87-E,ethyl acetate,9-anthryl,ClCH2CH2OH,
72,-0.530,0.304,0.256,3.021,180,9.12,0.5,iminium-103-E,toluene,9-anthryl,dimethyl (diazomethyl)phosphonate,
75,-0.530,0.304,0.256,3.021,180,4.71,1.89,iminium-103-E,toluene,"2,4,6-i PrC6H2",dimethyl (diazomethyl)phosphonate,
94,-0.533,0.302,0.256,3.021,180,4.71,1.94,iminium-108-E,toluene,"2,4,6-i PrC6H2",di-tert-butyl (diazomethyl)phosphonate,
109,-0.533,0.297,0.257,3.021,180,4.71,2.13,iminium-165-E,toluene,"2,4,6-i PrC6H2",di-tert-butyl (diazomethyl)phosphonate,
82,-0.530,0.304,0.256,3.021,180,4.71,2.31,iminium-103-E,toluene,"2,4,6-i PrC6H2",di-tert-butyl (diazomethyl)phosphonate,
83,-0.530,0.304,0.256,3.021,180,4.71,2.24,iminium-103-E,toluene,"2,4,6-i PrC6H2",di-tert-butyl (diazomethyl)phosphonate,
98,-0.533,0.294,0.257,3.021,180,4.71,2.45,iminium-111-E,toluene,"2,4,6-i PrC6H2",di-tert-butyl (diazomethyl)phosphonate,
100,-0.533,0.294,0.257,3.021,180,4.71,2.45,iminium-113-E,toluene,"2,4,6-i PrC6H2",di-tert-butyl (diazomethyl)phosphonate,
90,-0.541,0.281,0.255,3.021,180,4.71,2.45,iminium-104-E,toluene,"2,4,6-i PrC6H2",di-tert-butyl (diazomethyl)phosphonate,
89,-0.530,0.304,0.256,3.021,180,4.71,2.45,iminium-103-E,toluene,"2,4,6-i PrC6H2",di-tert-butyl (diazomethyl)phosphonate,
151,-0.413,0.267,0.248,3.021,180,2.58,1.94,iminium-138-E,toluene,9-Phenanthryl,hydrogen cyanide,
85,-0.530,0.304,0.256,3.021,180,4.71,2.45,iminium-103-E,toluene,"2,4,6-i PrC6H2",di-tert-butyl (diazomethyl)phosphonate,
153,-0.409,0.266,0.251,3.021,180,2.58,2.13,iminium-140-E,toluene,9-Phenanthryl,hydrogen cyanide,
88,-0.530,0.304,0.256,3.021,180,4.71,2.45,iminium-103-E,toluene,"2,4,6-i PrC6H2",di-tert-butyl (diazomethyl)phosphonate,
87,-0.530,0.304,0.256,3.021,180,4.71,2.45,iminium-103-E,toluene,"2,4,6-i PrC6H2",di-tert-butyl (diazomethyl)phosphonate,
86,-0.530,0.304,0.256,3.021,180,4.71,2.45,iminium-103-E,toluene,"2,4,6-i PrC6H2",di-tert-butyl (diazomethyl)phosphonate,
160,-0.437,0.184,0.259,3.021,180,2.58,1.47,iminium-147-E,toluene,9-Phenanthryl,hydrogen cyanide,
158,-0.432,0.229,0.256,3.021,180,2.58,1.7,iminium-145-E,toluene,9-Phenanthryl,hydrogen cyanide,
192,-0.422,0.289,0.754,2.583,180,2.58,0.77,iminium-122-E,diethyl ether,Ph,"Diethyl 1,4-dihydro-2,6-dimethyl-3,5-pyridinedicarboxylate",
194,-0.422,0.289,0.754,2.583,180,2.58,0.72,iminium-122-E,diethyl ether,4-NO2-C6H4,"Diethyl 1,4-dihydro-2,6-dimethyl-3,5-pyridinedicarboxylate",
19,-0.535,0.296,0.255,3.401,180,9.12,1.74,iminium-84-E,ethyl acetate,9-anthryl,BrCH2CH2CH2OH,
198,-0.422,0.289,0.754,2.583,180,2.58,1.07,iminium-122-E,diethyl ether,9-Phenanthryl,"Diethyl 1,4-dihydro-2,6-dimethyl-3,5-pyridinedicarboxylate",
200,-0.422,0.289,0.754,2.583,180,2.58,0.32,iminium-122-E,diethyl ether,4-Ph-C6H4,"Diethyl 1,4-dihydro-2,6-dimethyl-3,5-pyridinedicarboxylate",
4,-0.533,0.306,0.255,3.401,180,9.12,1.88,iminium-87-E,ethyl acetate,9-anthryl,tBuOH,
14,-0.525,0.308,0.257,3.401,180,9.12,1.68,iminium-91-E,ethyl acetate,9-anthryl,MeOH,
51,-0.533,0.306,0.255,3.021,180,4.71,2.17,iminium-87-E,toluene,"2,4,6-i PrC6H2",i -Bu,
185,-0.535,0.304,0.254,3.715,180,2.58,1.81,iminium-82-E,iPrOAc,9-Phenanthryl,tert-Butyl hydroperoxide,
207,-0.431,0.310,0.767,2.583,180,9.12,2.06,iminium-124-E,diethyl ether,9-Anthryl,"Diethyl 1,4-dihydro-2,6-dimethyl-3,5-pyridinedicarboxylate",
215,-0.556,0.518,-0.690,3.021,180,9.12,1.96,iminium-130-E,toluene,9-anthryl,"Diethyl 1,4-dihydro-2,6-dimethyl-3,5-pyridinedicarboxylate",
47,-0.533,0.306,0.255,3.021,180,4.71,2.3,iminium-87-E,toluene,"2,4,6-i PrC6H2",2-naphth,
50,-0.533,0.306,0.255,3.021,180,4.71,2.17,iminium-87-E,toluene,"2,4,6-i PrC6H2",PhCH2CH2,
212,-0.440,0.301,0.770,2.583,180,9.12,1.41,iminium-129-E,diethyl ether,9-Anthryl,"Diethyl 1,4-dihydro-2,6-dimethyl-3,5-pyridinedicarboxylate",
166,-0.533,0.306,0.255,3.401,180,2.58,0.86,iminium-87-E,ethyl acetate,1-Naphthyl,tert-Butyl hydroperoxide,
168,-0.533,0.306,0.255,3.401,180,4.71,1.1,iminium-87-E,ethyl acetate,"2,4,6-i PrC6H2",tert-Butyl hydroperoxide,
170,-0.533,0.306,0.255,3.021,180,2.58,1.15,iminium-87-E,toluene,9-Phenanthryl,tert-Butyl hydroperoxide,
174,-0.533,0.306,0.255,3.715,180,2.58,1.53,iminium-87-E,iPrOAc,9-Phenanthryl,tert-Butyl hydroperoxide,
173,-0.533,0.306,0.255,3.401,180,2.58,1.45,iminium-87-E,EtOAc,9-Phenanthryl,tert-Butyl hydroperoxide,
41,-0.541,0.296,0.254,3.021,180,4.71,2.72,iminium-92-E,toluene,"2,4,6-i PrC6H2",PhSH,
9,-0.533,0.306,0.255,3.401,180,9.12,2.17,iminium-87-E,ethyl acetate,9-anthryl,CHCCH2CH2OH,
206,-0.431,0.310,0.767,3.021,180,9.12,1.81,iminium-124-E,toluene,9-Anthryl,"Diethyl 1,4-dihydro-2,6-dimethyl-3,5-pyridinedicarboxylate",
2,-0.533,0.306,0.255,3.401,180,9.12,1.74,iminium-87-E,ethyl acetate,9-anthryl,EtOH,
178,-0.532,0.306,0.254,3.715,180,2.58,2.48,iminium-75-E,iPrOAc,9-Phenanthryl,tert-Butyl hydroperoxide,
45,-0.533,0.306,0.255,3.021,180,4.71,2.3,iminium-87-E,toluene,"2,4,6-i PrC6H2","3,5-(Me)2C6H",
44,-0.533,0.306,0.255,3.021,180,4.71,2.72,iminium-87-E,toluene,"2,4,6-i PrC6H2",4-MeOC6H4,
26,-0.533,0.306,0.255,3.581,180,4.71,1.88,iminium-87-E,MTBE,"2,4,6-i PrC6H2",PhSH,
